name,age,timestamp
Alex,12,2025-04-09 19:22:21
Alex,2,male,2025-04-09 19:26:17
Steve,3,male,2025-04-09 19:36:33
fe,erfe,ff,2025-04-09 19:41:21
dsads,dsa,dsa,2025-04-09 19:44:06
Rishi,5,HELICOPTER,2025-04-09 21:01:33
abhinn,20,gae,2025-04-09 22:16:56
wed,ewd,dd,2025-04-09 22:23:16
jnk,jnj,jmjkj,2025-04-10 11:08:17
cc,cc,cd,2025-04-10 11:08:39
sdc,sacas,sdcvds,2025-04-10 11:09:14
dfd,fdge,dfbvrb,2025-04-10 11:19:42
wfwef,df,fegergb,2025-04-10 11:42:50
Abhinn,8,male,2025-04-10 11:47:55
deb,1222,3,2025-04-10 12:15:04
csHU,IJI,JIJI,2025-04-10 18:47:51
dwdeef,ewdf,dcc,2025-04-10 18:51:00
ss,dff,dfe,2025-04-10 18:51:36
ge,12,56,2025-04-11 00:08:08
asad,2,ds,2025-04-11 00:10:56
Gra,fde,fergreg,2025-04-11 00:16:29
Abhinn,5,male,2025-04-11 00:42:34
s,aq,dss,2025-04-11 00:44:49
sdf,fsd,dsf,2025-04-11 00:51:55
